{"loss_476": 0.6064453125, "loss_84": 0.4755859375, "loss_340": 0.36865234375, "loss_145": 0.383056640625, "loss_105": 0.344482421875, "loss_94": 0.137451171875, "loss_1": 0.348876953125, "loss_327": 0.400390625, "loss_561": 0.3486328125, "loss_323": 0.288818359375, "loss_936": 0.5078125, "loss_251": 0.312255859375, "loss_130": 0.44287109375, "loss_296": 0.1220703125, "loss_141": 0.26513671875, "loss_388": 0.424072265625, "loss_387": 0.76025390625, "loss_802": 0.38427734375, "loss_661": 0.67431640625, "loss_97": 0.546875, "_timestamp": 1694109768.6890836, "_runtime": 159.43076062202454, "_step": 4, "_wandb": {"runtime": 158}}