{"loss_476": 0.41259765625, "loss_84": 0.55810546875, "loss_340": 0.33837890625, "loss_145": 0.417236328125, "loss_105": 0.36328125, "loss_94": 0.1368408203125, "loss_1": 0.89013671875, "loss_327": 0.461181640625, "loss_561": 0.443115234375, "loss_323": 0.272216796875, "loss_936": 0.42822265625, "loss_251": 0.4228515625, "loss_130": 0.340576171875, "loss_296": 0.2371826171875, "loss_141": 0.406982421875, "loss_388": 0.61572265625, "loss_387": 0.388916015625, "loss_802": 0.411376953125, "loss_661": 0.429443359375, "loss_97": 0.301513671875, "_timestamp": 1694109491.7601445, "_runtime": 402.1317195892334, "_step": 12, "_wandb": {"runtime": 432}}