{"loss_476": 0.583984375, "loss_84": 0.67236328125, "loss_340": 0.76953125, "loss_145": 0.41455078125, "loss_105": 0.337158203125, "loss_94": 0.20166015625, "loss_1": 0.249267578125, "loss_327": 0.382568359375, "loss_561": 0.398193359375, "loss_323": 0.285400390625, "loss_936": 0.41748046875, "loss_251": 0.33203125, "loss_130": 0.3359375, "loss_296": 0.15478515625, "loss_141": 0.276611328125, "loss_388": 0.429931640625, "loss_387": 0.357421875, "loss_802": 0.3876953125, "loss_661": 0.53564453125, "loss_97": 0.37353515625, "_timestamp": 1694156805.0601285, "_runtime": 46828.2721323967, "_step": 1997}