{"loss": 0.51953125, "_timestamp": 1694174794.8410444, "_runtime": 1346.7446534633636, "_step": 1170, "_wandb": {"runtime": 4930}}