{"loss_476": {"loss": 0.1151123046875, "loss_1": 0.46044921875}, "loss_84": {"loss": 0.150390625, "loss_1": 0.6015625}, "loss_340": {"loss": 0.179931640625, "loss_1": 0.7197265625}, "loss_145": {"loss": 0.09002685546875, "loss_1": 0.360107421875}, "loss_105": {"loss": 0.08172607421875, "loss_1": 0.326904296875}, "loss_94": {"loss": 0.034393310546875, "loss_1": 0.1375732421875}, "loss_1": {"loss": 0.06011962890625, "loss_1": 0.240478515625}, "loss_327": {"loss": 0.10455322265625, "loss_1": 0.418212890625}, "loss_561": {"loss": 0.07696533203125, "loss_1": 0.307861328125}, "loss_323": {"loss": 0.119140625, "loss_1": 0.4765625}, "loss_936": {"loss": 0.1278076171875, "loss_1": 0.51123046875}, "loss_251": {"loss": 0.112548828125, "loss_1": 0.4501953125}, "loss_130": {"loss": 0.0784912109375, "loss_1": 0.31396484375}, "loss_296": {"loss": 0.0276336669921875, "loss_1": 0.11053466796875}, "loss_141": {"loss": 0.0894775390625, "loss_1": 0.35791015625}, "loss_388": {"loss": 0.1395263671875, "loss_1": 0.55810546875}, "loss_387": {"loss": 0.1287841796875, "loss_1": 0.51513671875}, "loss_802": {"loss": 0.0953369140625, "loss_1": 0.38134765625}, "loss_661": {"loss": 0.10809326171875, "loss_1": 0.432373046875}, "loss_97": {"loss": 0.1173095703125, "loss_1": 0.46923828125}, "_timestamp": 1694203693.4989645, "_runtime": 38.84906554222107, "_step": 1, "_wandb": {"runtime": 51}}