{"loss": 0.40625, "_timestamp": 1694173421.7197359, "_runtime": 3442.3231058120728, "_step": 2999, "_wandb": {"runtime": 3460}}